﻿Nº Processo;Nº Título;Ano Título;Área (ha);Data Ativação;CPF/CNPJ Detentor;Nome / Razão Social Detentor;CPF/CNPJ Proprietário;Nome / Razão Social Proprietário;CNPJ Propriedade;Razão Social Propriedade;Responsável Técnico;Município/UF;Localização;Nome Analista;lat;lon
2020/0000034774;1126580;2022;6.672;24/01/2022;10.320.249/0001-38;EMFX MINERAÇÃO LTDA - EPP;10.320.249/0001-38;EMFX MINERAÇÃO LTDA - EPP;10.320.249/0001-38;EMFX MINERAÇÃO LTDA - EPP;GERSON PEREIRA DE OLIVEIRA;JACAREACANGA;-9.235556, -56.540028;EDSON MARCIO ARAUJO DA CRUZ;-9.235556;-56.540028
2019/0000040075;1158432;2022;181.09;13/09/2022;03.496.757/0005-30;CBNS NEGÓCIOS FLORESTAIS S A;01.674.244/0001-12;RONDON IMOVEIS LTDA;03.496.757/0005-30;FAZENDA DEUS É BOM II;JOSUÉ EVANDRO RIBEIRO FERREIRA;DOM ELISEU;-4.513819, -47.755356;Paulo Roberto Rodrigues Pinto;-4.513819;-47.755356
2019/0000006551;1158799;2022;301.5056;22/08/2022;402.053.122-68;JOSE GILVAN DE OLIVEIRA MATOGROSSSO COSTA;06.161.839/0001-98;MATOGROSSO PARTICIPAÇÕES LTDA;06.161.839/0001-98;Fazenda Catarinense e Maringá.;DOMINGOS DA SILVA FARIAS;IPIXUNA DO PARÁ;-3.165222, -48.092444;Paulo Roberto Rodrigues Pinto;-3.165222;-48.092444
2020/0000028370;1139250;2022;270.772;12/04/2022;017.308.792-25;JOSÉ BATISTA DE LIMA JUNIOR;856.768.291-68;SHANCHA VIRGINNIA AQUINO CAPELLOZA;;FAZENDA BIGODE DE COBRA;MARIA SELMA ARAÚJO;TOMÉ-AÇU;-2.9961, -48.436647;Paulo Roberto Rodrigues Pinto;-2.9961;-48.436647
2019/0000023006;1154547;2022;314.0825;04/08/2022;521.605.649-15;PASCOAL DE FREITAS;521.605.649-15;PASCOAL DE FREITAS;;PASCOAL DE FREITAS - FAZENDA BOM JARDIM, FLOR DE LIZ, ACARAÍ E BUIUSSUQUARA;CHRISTIANO DA SILVA OLIVEIRA;TAILÂNDIA;-2.937472, -48.950919;Paulo Roberto Rodrigues Pinto;-2.937472;-48.950919
2020/0000029920;1154609;2022;141.9497;30/06/2022;766.976.572-00;PLINIO NEULS JUNIOR;766.976.572-00;PLINIO NEULS JUNIOR;;PLINIO NEULS JUNIOR-FAZENDA MORRO ALTO;AILTON RAFAEL DE MELO RODRIGUES;GOIANÉSIA DO PARÁ;-3.864364, -48.425706;Stone Cesar Cavalcante da Costa;-3.864364;-48.425706
2022/0000004162;1172143;2023;158.78;14/07/2023;28.129.729/0001-81;AGROPECUÁRIA SERRA ALTA EIRELI - ME;28.129.729/0001-81;AGROPECUÁRIA SERRA ALTA EIRELI - ME;;LOTE 29 DA GLEBA BACAJA;DOMINGOS DA SILVA FARIAS;ANAPU;-3.8765, -51.306947;Marcio Braga Amorim;-3.8765;-51.306947
2022/0000004162;1190606;2023;18.57;14/07/2023;28.129.729/0001-81;AGROPECUÁRIA SERRA ALTA EIRELI - ME;28.129.729/0001-81;AGROPECUÁRIA SERRA ALTA EIRELI - ME;;LOTE 29 DA GLEBA BACAJA;DOMINGOS DA SILVA FARIAS;ANAPU;-3.8765, -51.306947;Marcio Braga Amorim;-3.8765;-51.306947
2020/0000016066;1168517;2022;416.23;04/11/2022;157.437.482-68;RAIMUNDA DA COSTA NASCIMENTO;157.437.482-68;RAIMUNDA DA COSTA NASCIMENTO;;FAZENDA PINHO;BRUNA CRISTINA NASCIMENTO DE OLIVEIRA;PRAINHA;-2.675525, -53.500547;Marcio Braga Amorim;-2.675525;-53.500547
2021/0000043385;1187950;2023;82.68;24/07/2023;332.930.668-87;HENRIQUE MEINBERG;332.930.668-87;HENRIQUE MEINBERG;;FAZENDA MEINARA I - HENRIQUE  MEINBERG;AILTON RAFAEL DE MELO RODRIGUES;PARAGOMINAS;-2.759925, -47.133892;Marcio Braga Amorim;-2.759925;-47.133892
2021/0000043385;1187933;2023;237.94;24/07/2023;332.930.668-87;HENRIQUE MEINBERG;332.930.668-87;HENRIQUE MEINBERG;;FAZENDA MEINARA I - HENRIQUE  MEINBERG;AILTON RAFAEL DE MELO RODRIGUES;PARAGOMINAS;-2.759925, -47.133892;Marcio Braga Amorim;-2.759925;-47.133892
2017/0000039534;1129089;2022;147.9866;09/02/2022;512.448.372-53;JACKSON DOUGLAS SANTANA FERREIRA;512.448.372-53;JACKSON DOUGLAS SANTANA FERREIRA;;JACKSON DOUGLAS SANTANA FERREIRA;DOMINGOS DA SILVA FARIAS;PRAINHA;-2.498056, -53.767597;Fernanda Aleixo de Castro;-2.498056;-53.767597
2020/0000029688;1172200;2023;43.58;01/03/2023;018.834.192-71;SUELLEN DE OLIVEIRA NASCIMENTO BORGES;018.834.192-71;SUELLEN DE OLIVEIRA NASCIMENTO BORGES;;FAZENDA SANTA ANA;JOÃO PEREIRA DA SILVA JÚNIOR;PRAINHA;-2.719175, -53.474692;Carlos Victor Pereira Leitão;-2.719175;-53.474692
2018/0000055980;1133151;2022;156.964;08/03/2022;950.559.912-91;SAMARA DE OLIVEIRA NASCIMENTO;950.559.912-91;SAMARA DE OLIVEIRA NASCIMENTO;;SAMARA DE OLIVEIRA NASCIMENTO - FAZENDA CAPIXABA;FELIPE  GAIA DE SOUSA;PORTEL;-1.937989, -51.268933;Carlos Victor Pereira Leitão;-1.937989;-51.268933
2021/0000006905;1194970;2023;129.5186;01/09/2023;951.266.272-87;BETO DA FONSECA RIBEIRO;951.266.272-87;BETO DA FONSECA RIBEIRO;;FAZENDA MUTUM - BETO DA FONSECA RIBEIRO;FAUSTO SCAPINI;PARAGOMINAS;-3.231161, -47.539236;Carlos Victor Pereira Leitão;-3.231161;-47.539236
2019/0000026471;1131804;2022;200.03;24/02/2022;956.853.322-20;ANDRÉ PEREIRA DA SILVA;956.853.322-20;ANDRÉ PEREIRA DA SILVA;;Fazenda Itororó;VICTOR CEZAR NEPOMUCENO RIBEIRO;PRAINHA;-2.530556, -53.371517;Carlos Victor Pereira Leitão;-2.530556;-53.371517
2019/0000019207;1131038;2022;200.48;27/01/2022;147.687.392-53;ANTÔNIO ELIAS DE SOUZA;333.592.372-34;MESSIAS SIQUEIRA DA IGREJA;;Fazenda Prometida;VALTO COELHO SANTANA JUNIOR;PRAINHA;-2.558631, -53.356336;Carlos Victor Pereira Leitão;-2.558631;-53.356336
2019/0000029803;1147095;2022;117.22;19/07/2022;34.612.911/0006-04;LAMINADORA BOARETTO LTDA;34.612.911/0001-91;LAMINADORA BOARETTO LTDA - EPP;34.612.911/0006-04;LAMINADORA BOARETTO LTDA - EPP.;ANA MATILDE BOARETO;PACAJÁ;-3.815044, -49.97915;Albanise Ferreira Sousa;-3.815044;-49.97915
2020/0000014222;1195976;2023;147;20/07/2023;17.909.341/0002-68;MP EMPREENDIMENTOS IMOBILIÁRIOS LTDA;755.577.462-34;ANA CAROLINA PERACCHI;;FAZENDA ACAPU;MAICON CARLOS PEIXOTO E SILVA;ALMEIRIM;-1.034458, -53.575014;Rivaldo Costa Cardoso Junior;-1.034458;-53.575014
2022/0000030937;1192710;2023;172.26;23/10/2023;17.909.341/0004-20;MP EMPREENDIMENTOS IMOBILIARIOS;297.287.892-20;MARIA JOSÉ BRABO MONTEIRO SANTOS;;FAZENDA OEIRAS;MAICON CARLOS PEIXOTO E SILVA;ALMEIRIM;-1.031606, -53.599167;Zivanildo Costa Ferreira;-1.031606;-53.599167
2020/0000004693;1132210;2022;143.39;17/02/2022;097.084.802-15;EMERY DIAS FONTES;097.084.802-15;EMERY DIAS FONTES;;EMERY DIAS FONTES - FAZENDA SANTA ROZA;DOMINGOS DA SILVA FARIAS;ALMEIRIM;-1.339008, -52.941608;Zivanildo Costa Ferreira;-1.339008;-52.941608
2023/0000038647;1208776;2023;170.7233;17/11/2023;062.106.088-76;SIDNEI MANSO;062.106.088-76;SIDNEI MANSO;;SIDNEI MANSO – FAZENDA JUTAÍ;VICTOR CEZAR NEPOMUCENO RIBEIRO;PRAINHA;-2.636711, -53.359875;Gláuber Nonato Ferreira Oliveira;-2.636711;-53.359875
2022/0000028993;1172766;2022;199.9958;21/11/2022;087.793.922-53;ILZO BAIA XAVIER;087.793.922-53;ILZO BAIA XAVIER;;ILZO BAIA XAVIER;VALTO COELHO SANTANA JUNIOR;PRAINHA;-2.669983, -53.364389;Gláuber Nonato Ferreira Oliveira;-2.669983;-53.364389
2022/0000029022;1170867;2022;199.9521;03/11/2022;002.986.162-46;FELIPE FELISCISSIMO CARREIRA;002.986.162-46;FELIPE FELISCISSIMO CARREIRA;;FELIPE FELICISSIMO CARREIRA;VALTO COELHO SANTANA JUNIOR;PRAINHA;-2.660589, -53.331889;Gláuber Nonato Ferreira Oliveira;-2.660589;-53.331889
2022/0000031993;1198267;2023;199.818;28/07/2023;044.579.912-95;RODRIGO BERTI;044.579.912-95;RODRIGO BERTI;;FAZENDA MORROS VERDES;EDERSON BERTI;NOVO PROGRESSO;-7.450261, -55.151164;Erinelson Pimentel Sousa;-7.450261;-55.151164
2021/0000043724;1202352;2023;150.297;14/09/2023;746.426.852-00;SAMUEL ZOPPÉ BRANDÃO FILHO;343.126.847-15;MARIA HELENA DOS REIS BRANDÃO;;Fazenda Santa Odilia I;STEFAN KANGUSSU PRADO;CAPITÃO POÇO;-2.424347, -47.34035;Eliane Francisca de Almeida;-2.424347;-47.34035
2021/0000035635;1145258;2022;477.5227;04/08/2022;04.363.966/0001-44;SIPASA SERINGA INDUSTRIAL DO PARA SA;04.363.966/0001-44;SIPASA SERINGA INDUSTRIAL DO PARA SA;04.363.966/0001-44;FAZENDA SIPASA;TIÉURE RIBEIRO DEOLIVEIRA;MOJU;-3.176414, -49.363872;Fernanda Kelly Valente da Silva;-3.176414;-49.363872
2020/0000018654;1197637;2023;32.7927;18/08/2023;021.878.291-89;RAFAEL PROCHNOW;021.878.291-89;RAFAEL PROCHNOW;;FAZENDA BURICA II;EDERSON BERTI;NOVO PROGRESSO;-6.512914, -55.392742;Fernanda Kelly Valente da Silva;-6.512914;-55.392742
2020/0000011469;1199793;2023;112.5666;06/09/2023;590.868.661-15;ELEANDRO PERIN;590.868.661-15;ELEANDRO PERIN;;ELEANDRO PERIN - FAZENDA VITORIA;EDERSON BERTI;ALTAMIRA;-6.463947, -55.127503;Fernanda Kelly Valente da Silva;-6.463947;-55.127503
2020/0000018649;1164312;2023;192.0205;06/03/2023;126.544.349-15;OLDEMAR PROCHNOW;126.544.349-15;OLDEMAR PROCHNOW;;FAZENDA BURICA;EVERTON LUIZ BREUS;NOVO PROGRESSO;-6.566617, -55.367953;Fernanda Kelly Valente da Silva;-6.566617;-55.367953
2021/0000022693;1135444;2022;155.9715;09/03/2022;699.919.952-34;ALTAMIRO RODRIGUES DE OLIVEIRA FILHO;122.398.605-53;ALTAMIRO RODRIGUES DE OLIVEIRA;;FAZENDA BARRETOS;JULIANA SILVA CAMPOS DE CASTRO;MOJU;-3.185794, -49.441403;Fernanda Kelly Valente da Silva;-3.185794;-49.441403
2020/0000006871;1157464;2022;216.81;27/10/2022;320.789.008-34;FRANCISCO ANTUNES BISNETO;320.789.008-34;FRANCISCO ANTUNES BISNETO;;FAZENDA SÃO FRANCISCO III;DOMINGOS DA SILVA FARIAS;PACAJÁ;-3.782569, -50.835183;Roberta Pires Mendes de Albuquerque;-3.782569;-50.835183
2007/0000420647;1190107;2023;295.02;16/06/2023;252.105.722-34;MARCELO ALVES PEREIRA;252.105.722-34;MARCELO ALVES PEREIRA;;MARCELO ALVES PEREIRA-FAZENDA ADRIANA IV;JOSÉ LEONARDO DOS SANTOS CARVALHO;IPIXUNA DO PARÁ;-3.240561, -48.614147;Everton Barros Dias;-3.240561;-48.614147
2020/0000014267;1163744;2022;286.4521;30/08/2022;324.731.847-04;SHYDNEY JORGE ROSA;324.731.847-04;SHYDNEY JORGE ROSA;;FAZENDA VALPARAISO;ALEX DARLAN RAFAEL PEREIRA;PARAGOMINAS;-3.136327, -48.05782;Monica Martins Vaz do Mar;-3.136327;-48.05782
2021/0000038970;1168998;2023;280.51;13/01/2023;22.934.780/0001-80;FAZENDA SANTA HELENA AGROINDUSTRIAL EIRELI;22.934.780/0001-80;FAZENDA SANTA HELENA AGROINDUSTRIAL EIRELI;22.934.780/0001-80;FAZENDA SANTA HELENA AGROINDUSTRIAL EIRELI;TIÉURE RIBEIRO DEOLIVEIRA;MOJU;-3.257856, -49.39285;João Antonio do Carmo Sousa Junior;-3.257856;-49.39285
2020/0000011471;1197238;2023;102.3125;15/09/2023;326.623.191-00;MILTON POLEZE;326.623.191-00;MILTON POLEZE;;MILTON POLEZE - FAZENDA 3M;EVERTON LUIZ BREUS;ALTAMIRA;-7.095917, -55.130706;João Antonio do Carmo Sousa Junior;-7.095917;-55.130706
2020/0000029896;1101682;2022;253.2583;28/01/2022;514.337.962-87;FABRICIO HENRIQUE FRAGA DA SILVEIRA;19.792.990/0001-76;AGROINDUSTRIAL CABOCLA LTDA - ME;;FAZENDA PARAÍSO;ANGELO VICTOR SANTOS SILVA;ALMEIRIM;-1.290925, -52.457478;Paula Priscila Ferreira Gomes;-1.290925;-52.457478
2020/0000035665;1190514;2023;52.8088;12/09/2023;072.991.746-00;JACKSON VINICIO LIMBERGER;072.991.746-00;JACKSON VINICIO LIMBERGER;;FAZENDA São PEDRO;ANA CAROLINA HACKBARTH;ITAITUBA;-6.537003, -56.059436;Giselli Castilho Moraes;-6.537003;-56.059436